SC,SN,NS,SYM_TK,LS,EXPIRY,PCR-COI,CALL_CandleTime,CALL_OT,CALL_CD,CALL_TK,CALL_COI,CALL_PX,STRIKE,PUT_PX,PUT_COI,PUT_TK,PUT_CD,PUT_OT,PUT_CandleTime
NIFTY,NIFTY 50,NIFTY 50,NIFTY 50,50,2023-09-21,0,2023-09-20 14:37:43,CE,OPT-NIFTY-21-Sep-2023-18000-CE,54562,0,0,18000.0,0,0,54563,OPT-NIFTY-21-Sep-2023-18000-PE,PE,2023-09-20 14:37:43
NIFTY,NIFTY 50,NIFTY 50,NIFTY 50,50,2023-09-21,0,2023-09-20 14:37:43,CE,OPT-NIFTY-21-Sep-2023-18300-CE,54574,0,0,18300.0,0,0,54575,OPT-NIFTY-21-Sep-2023-18300-PE,PE,2023-09-20 14:37:43
NIFTY,NIFTY 50,NIFTY 50,NIFTY 50,50,2023-09-21,0,2023-09-20 14:37:43,CE,OPT-NIFTY-21-Sep-2023-18600-CE,54586,0,0,18600.0,0,0,54587,OPT-NIFTY-21-Sep-2023-18600-PE,PE,2023-09-20 14:37:43
NIFTY,NIFTY 50,NIFTY 50,NIFTY 50,50,2023-09-21,0,2023-09-20 14:37:43,CE,OPT-NIFTY-21-Sep-2023-18700-CE,54590,0,0,18700.0,0,0,54591,OPT-NIFTY-21-Sep-2023-18700-PE,PE,2023-09-20 14:37:43
NIFTY,NIFTY 50,NIFTY 50,NIFTY 50,50,2023-09-21,0,2023-09-20 14:37:43,CE,OPT-NIFTY-21-Sep-2023-18800-CE,54594,0,0,18800.0,0,0,54595,OPT-NIFTY-21-Sep-2023-18800-PE,PE,2023-09-20 14:37:43
NIFTY,NIFTY 50,NIFTY 50,NIFTY 50,50,2023-09-21,0,2023-09-20 14:37:43,CE,OPT-NIFTY-21-Sep-2023-18900-CE,54598,0,0,18900.0,0,0,54599,OPT-NIFTY-21-Sep-2023-18900-PE,PE,2023-09-20 14:37:43
NIFTY,NIFTY 50,NIFTY 50,NIFTY 50,50,2023-09-21,0,2023-09-20 14:37:43,CE,OPT-NIFTY-21-Sep-2023-18950-CE,54604,0,0,18950.0,0,0,54605,OPT-NIFTY-21-Sep-2023-18950-PE,PE,2023-09-20 14:37:43
NIFTY,NIFTY 50,NIFTY 50,NIFTY 50,50,2023-09-21,0,2023-09-20 14:37:43,CE,OPT-NIFTY-21-Sep-2023-19000-CE,54606,0,0,19000.0,0,0,54607,OPT-NIFTY-21-Sep-2023-19000-PE,PE,2023-09-20 14:37:43
NIFTY,NIFTY 50,NIFTY 50,NIFTY 50,50,2023-09-21,0,2023-09-20 14:37:43,CE,OPT-NIFTY-21-Sep-2023-19050-CE,54608,0,0,19050.0,0,0,54609,OPT-NIFTY-21-Sep-2023-19050-PE,PE,2023-09-20 14:37:43
NIFTY,NIFTY 50,NIFTY 50,NIFTY 50,50,2023-09-21,0,2023-09-20 14:37:43,CE,OPT-NIFTY-21-Sep-2023-19100-CE,54612,0,0,19100.0,0,0,54613,OPT-NIFTY-21-Sep-2023-19100-PE,PE,2023-09-20 14:37:43
NIFTY,NIFTY 50,NIFTY 50,NIFTY 50,50,2023-09-21,0,2023-09-20 14:37:43,CE,OPT-NIFTY-21-Sep-2023-19150-CE,54616,0,0,19150.0,0,0,54617,OPT-NIFTY-21-Sep-2023-19150-PE,PE,2023-09-20 14:37:43
NIFTY,NIFTY 50,NIFTY 50,NIFTY 50,50,2023-09-21,0,2023-09-20 14:37:43,CE,OPT-NIFTY-21-Sep-2023-19200-CE,54618,0,0,19200.0,0,0,54619,OPT-NIFTY-21-Sep-2023-19200-PE,PE,2023-09-20 14:37:43
NIFTY,NIFTY 50,NIFTY 50,NIFTY 50,50,2023-09-21,0,2023-09-20 14:37:43,CE,OPT-NIFTY-21-Sep-2023-19250-CE,54620,0,0,19250.0,0,0,54621,OPT-NIFTY-21-Sep-2023-19250-PE,PE,2023-09-20 14:37:43
NIFTY,NIFTY 50,NIFTY 50,NIFTY 50,50,2023-09-21,0,2023-09-20 14:37:43,CE,OPT-NIFTY-21-Sep-2023-19300-CE,54622,0,0,19300.0,0,0,54623,OPT-NIFTY-21-Sep-2023-19300-PE,PE,2023-09-20 14:37:43
NIFTY,NIFTY 50,NIFTY 50,NIFTY 50,50,2023-09-21,0,2023-09-20 14:37:43,CE,OPT-NIFTY-21-Sep-2023-19350-CE,54625,0,0,19350.0,0,0,54626,OPT-NIFTY-21-Sep-2023-19350-PE,PE,2023-09-20 14:37:43
NIFTY,NIFTY 50,NIFTY 50,NIFTY 50,50,2023-09-21,0,2023-09-20 14:37:43,CE,OPT-NIFTY-21-Sep-2023-19400-CE,54627,0,0,19400.0,0,0,54628,OPT-NIFTY-21-Sep-2023-19400-PE,PE,2023-09-20 14:37:43
NIFTY,NIFTY 50,NIFTY 50,NIFTY 50,50,2023-09-21,0,2023-09-20 14:37:43,CE,OPT-NIFTY-21-Sep-2023-19450-CE,54629,0,0,19450.0,0,0,54630,OPT-NIFTY-21-Sep-2023-19450-PE,PE,2023-09-20 14:37:43
NIFTY,NIFTY 50,NIFTY 50,NIFTY 50,50,2023-09-21,0,2023-09-20 14:37:43,CE,OPT-NIFTY-21-Sep-2023-19500-CE,54631,0,0,19500.0,0,0,54632,OPT-NIFTY-21-Sep-2023-19500-PE,PE,2023-09-20 14:37:43
NIFTY,NIFTY 50,NIFTY 50,NIFTY 50,50,2023-09-21,0,2023-09-20 14:37:43,CE,OPT-NIFTY-21-Sep-2023-19550-CE,54634,0,0,19550.0,0,0,54635,OPT-NIFTY-21-Sep-2023-19550-PE,PE,2023-09-20 14:37:43
NIFTY,NIFTY 50,NIFTY 50,NIFTY 50,50,2023-09-21,0,2023-09-20 14:37:43,CE,OPT-NIFTY-21-Sep-2023-19600-CE,54636,0,0,19600.0,0,0,54637,OPT-NIFTY-21-Sep-2023-19600-PE,PE,2023-09-20 14:37:43
NIFTY,NIFTY 50,NIFTY 50,NIFTY 50,50,2023-09-21,0,2023-09-20 14:37:43,CE,OPT-NIFTY-21-Sep-2023-19650-CE,54639,0,0,19650.0,0,0,54640,OPT-NIFTY-21-Sep-2023-19650-PE,PE,2023-09-20 14:37:43
NIFTY,NIFTY 50,NIFTY 50,NIFTY 50,50,2023-09-21,0,2023-09-20 14:37:43,CE,OPT-NIFTY-21-Sep-2023-19700-CE,54643,0,0,19700.0,0,0,54644,OPT-NIFTY-21-Sep-2023-19700-PE,PE,2023-09-20 14:37:43
NIFTY,NIFTY 50,NIFTY 50,NIFTY 50,50,2023-09-21,0,2023-09-20 14:37:43,CE,OPT-NIFTY-21-Sep-2023-19750-CE,54645,0,0,19750.0,0,0,54646,OPT-NIFTY-21-Sep-2023-19750-PE,PE,2023-09-20 14:37:43
NIFTY,NIFTY 50,NIFTY 50,NIFTY 50,50,2023-09-21,0,2023-09-20 14:37:43,CE,OPT-NIFTY-21-Sep-2023-19800-CE,54647,0,0,19800.0,0,0,54648,OPT-NIFTY-21-Sep-2023-19800-PE,PE,2023-09-20 14:37:43
NIFTY,NIFTY 50,NIFTY 50,NIFTY 50,50,2023-09-21,0,2023-09-20 14:37:43,CE,OPT-NIFTY-21-Sep-2023-19850-CE,54650,0,0,19850.0,0,0,54651,OPT-NIFTY-21-Sep-2023-19850-PE,PE,2023-09-20 14:37:43
NIFTY,NIFTY 50,NIFTY 50,NIFTY 50,50,2023-09-21,0,2023-09-20 14:37:43,CE,OPT-NIFTY-21-Sep-2023-19900-CE,54654,0,0,19900.0,0,0,54655,OPT-NIFTY-21-Sep-2023-19900-PE,PE,2023-09-20 14:37:43
NIFTY,NIFTY 50,NIFTY 50,NIFTY 50,50,2023-09-21,0,2023-09-20 14:37:43,CE,OPT-NIFTY-21-Sep-2023-19950-CE,54657,0,0,19950.0,0,0,54658,OPT-NIFTY-21-Sep-2023-19950-PE,PE,2023-09-20 14:37:43
NIFTY,NIFTY 50,NIFTY 50,NIFTY 50,50,2023-09-21,0,2023-09-20 14:37:43,CE,OPT-NIFTY-21-Sep-2023-20000-CE,54659,0,0,20000.0,0,0,54660,OPT-NIFTY-21-Sep-2023-20000-PE,PE,2023-09-20 14:37:43
NIFTY,NIFTY 50,NIFTY 50,NIFTY 50,50,2023-09-21,0,2023-09-20 14:37:43,CE,OPT-NIFTY-21-Sep-2023-20050-CE,54663,0,0,20050.0,0,0,54664,OPT-NIFTY-21-Sep-2023-20050-PE,PE,2023-09-20 14:37:43
NIFTY,NIFTY 50,NIFTY 50,NIFTY 50,50,2023-09-21,0,2023-09-20 14:37:43,CE,OPT-NIFTY-21-Sep-2023-20100-CE,54666,0,0,20100.0,0,0,54667,OPT-NIFTY-21-Sep-2023-20100-PE,PE,2023-09-20 14:37:43
NIFTY,NIFTY 50,NIFTY 50,NIFTY 50,50,2023-09-21,0,2023-09-20 14:37:43,CE,OPT-NIFTY-21-Sep-2023-20150-CE,54668,0,0,20150.0,0,0,54669,OPT-NIFTY-21-Sep-2023-20150-PE,PE,2023-09-20 14:37:43
NIFTY,NIFTY 50,NIFTY 50,NIFTY 50,50,2023-09-21,0,2023-09-20 14:37:43,CE,OPT-NIFTY-21-Sep-2023-20200-CE,54670,0,0,20200.0,0,0,54671,OPT-NIFTY-21-Sep-2023-20200-PE,PE,2023-09-20 14:37:43
NIFTY,NIFTY 50,NIFTY 50,NIFTY 50,50,2023-09-21,0,2023-09-20 14:37:43,CE,OPT-NIFTY-21-Sep-2023-20250-CE,54672,0,0,20250.0,0,0,54673,OPT-NIFTY-21-Sep-2023-20250-PE,PE,2023-09-20 14:37:43
NIFTY,NIFTY 50,NIFTY 50,NIFTY 50,50,2023-09-21,0,2023-09-20 14:37:43,CE,OPT-NIFTY-21-Sep-2023-20300-CE,54678,0,0,20300.0,0,0,54679,OPT-NIFTY-21-Sep-2023-20300-PE,PE,2023-09-20 14:37:43
NIFTY,NIFTY 50,NIFTY 50,NIFTY 50,50,2023-09-21,0,2023-09-20 14:37:43,CE,OPT-NIFTY-21-Sep-2023-20350-CE,54680,0,0,20350.0,0,0,54681,OPT-NIFTY-21-Sep-2023-20350-PE,PE,2023-09-20 14:37:43
NIFTY,NIFTY 50,NIFTY 50,NIFTY 50,50,2023-09-21,0,2023-09-20 14:37:43,CE,OPT-NIFTY-21-Sep-2023-20400-CE,54682,0,0,20400.0,0,0,54684,OPT-NIFTY-21-Sep-2023-20400-PE,PE,2023-09-20 14:37:43
NIFTY,NIFTY 50,NIFTY 50,NIFTY 50,50,2023-09-21,0,2023-09-20 14:37:43,CE,OPT-NIFTY-21-Sep-2023-20450-CE,54691,0,0,20450.0,0,0,54692,OPT-NIFTY-21-Sep-2023-20450-PE,PE,2023-09-20 14:37:43
NIFTY,NIFTY 50,NIFTY 50,NIFTY 50,50,2023-09-21,0,2023-09-20 14:37:43,CE,OPT-NIFTY-21-Sep-2023-20500-CE,54695,0,0,20500.0,0,0,54696,OPT-NIFTY-21-Sep-2023-20500-PE,PE,2023-09-20 14:37:43
NIFTY,NIFTY 50,NIFTY 50,NIFTY 50,50,2023-09-21,0,2023-09-20 14:37:43,CE,OPT-NIFTY-21-Sep-2023-20550-CE,54697,0,0,20550.0,0,0,54698,OPT-NIFTY-21-Sep-2023-20550-PE,PE,2023-09-20 14:37:43
NIFTY,NIFTY 50,NIFTY 50,NIFTY 50,50,2023-09-21,0,2023-09-20 14:37:43,CE,OPT-NIFTY-21-Sep-2023-20600-CE,54702,0,0,20600.0,0,0,54703,OPT-NIFTY-21-Sep-2023-20600-PE,PE,2023-09-20 14:37:43
NIFTY,NIFTY 50,NIFTY 50,NIFTY 50,50,2023-09-21,0,2023-09-20 14:37:43,CE,OPT-NIFTY-21-Sep-2023-20650-CE,54704,0,0,20650.0,0,0,54705,OPT-NIFTY-21-Sep-2023-20650-PE,PE,2023-09-20 14:37:43
NIFTY,NIFTY 50,NIFTY 50,NIFTY 50,50,2023-09-21,0,2023-09-20 14:37:43,CE,OPT-NIFTY-21-Sep-2023-20700-CE,54706,0,0,20700.0,0,0,54707,OPT-NIFTY-21-Sep-2023-20700-PE,PE,2023-09-20 14:37:43
NIFTY,NIFTY 50,NIFTY 50,NIFTY 50,50,2023-09-21,0,2023-09-20 14:37:43,CE,OPT-NIFTY-21-Sep-2023-20800-CE,54712,0,0,20800.0,0,0,54713,OPT-NIFTY-21-Sep-2023-20800-PE,PE,2023-09-20 14:37:43
NIFTY,NIFTY 50,NIFTY 50,NIFTY 50,50,2023-09-21,0,2023-09-20 14:37:43,CE,OPT-NIFTY-21-Sep-2023-21000-CE,54726,0,0,21000.0,0,0,54727,OPT-NIFTY-21-Sep-2023-21000-PE,PE,2023-09-20 14:37:43
NIFTY,NIFTY 50,NIFTY 50,NIFTY 50,50,2023-09-21,0,2023-09-20 14:37:43,CE,OPT-NIFTY-21-Sep-2023-21050-CE,54728,0,0,21050.0,0,0,54729,OPT-NIFTY-21-Sep-2023-21050-PE,PE,2023-09-20 14:37:43
NIFTY,NIFTY 50,NIFTY 50,NIFTY 50,50,2023-09-28,0,2023-09-20 14:37:43,CE,OPT-NIFTY-28-Sep-2023-13000-CE,86729,0,0,13000.0,0,0,86730,OPT-NIFTY-28-Sep-2023-13000-PE,PE,2023-09-20 14:37:43
NIFTY,NIFTY 50,NIFTY 50,NIFTY 50,50,2023-09-28,0,2023-09-20 14:37:43,CE,OPT-NIFTY-28-Sep-2023-14000-CE,86731,0,0,14000.0,0,0,86811,OPT-NIFTY-28-Sep-2023-14000-PE,PE,2023-09-20 14:37:43
NIFTY,NIFTY 50,NIFTY 50,NIFTY 50,50,2023-09-28,0,2023-09-20 14:37:43,CE,OPT-NIFTY-28-Sep-2023-15000-CE,86812,0,0,15000.0,0,0,86813,OPT-NIFTY-28-Sep-2023-15000-PE,PE,2023-09-20 14:37:43
NIFTY,NIFTY 50,NIFTY 50,NIFTY 50,50,2023-09-28,0,2023-09-20 14:37:43,CE,OPT-NIFTY-28-Sep-2023-16000-CE,86814,0,0,16000.0,0,0,86830,OPT-NIFTY-28-Sep-2023-16000-PE,PE,2023-09-20 14:37:43
NIFTY,NIFTY 50,NIFTY 50,NIFTY 50,50,2023-09-28,0,2023-09-20 14:37:43,CE,OPT-NIFTY-28-Sep-2023-17000-CE,86831,0,0,17000.0,0,0,86832,OPT-NIFTY-28-Sep-2023-17000-PE,PE,2023-09-20 14:37:43
NIFTY,NIFTY 50,NIFTY 50,NIFTY 50,50,2023-09-28,0,2023-09-20 14:37:43,CE,OPT-NIFTY-28-Sep-2023-17500-CE,59734,0,0,17500.0,0,0,59735,OPT-NIFTY-28-Sep-2023-17500-PE,PE,2023-09-20 14:37:43
NIFTY,NIFTY 50,NIFTY 50,NIFTY 50,50,2023-09-28,0,2023-09-20 14:37:43,CE,OPT-NIFTY-28-Sep-2023-17900-CE,59758,0,0,17900.0,0,0,59759,OPT-NIFTY-28-Sep-2023-17900-PE,PE,2023-09-20 14:37:43
NIFTY,NIFTY 50,NIFTY 50,NIFTY 50,50,2023-09-28,0,2023-09-20 14:37:43,CE,OPT-NIFTY-28-Sep-2023-18000-CE,86833,0,0,18000.0,0,0,86838,OPT-NIFTY-28-Sep-2023-18000-PE,PE,2023-09-20 14:37:43
NIFTY,NIFTY 50,NIFTY 50,NIFTY 50,50,2023-09-28,0,2023-09-20 14:37:43,CE,OPT-NIFTY-28-Sep-2023-18100-CE,59766,0,0,18100.0,0,0,59767,OPT-NIFTY-28-Sep-2023-18100-PE,PE,2023-09-20 14:37:43
NIFTY,NIFTY 50,NIFTY 50,NIFTY 50,50,2023-09-28,0,2023-09-20 14:37:43,CE,OPT-NIFTY-28-Sep-2023-18200-CE,59772,0,0,18200.0,0,0,61322,OPT-NIFTY-28-Sep-2023-18200-PE,PE,2023-09-20 14:37:43
NIFTY,NIFTY 50,NIFTY 50,NIFTY 50,50,2023-09-28,0,2023-09-20 14:37:43,CE,OPT-NIFTY-28-Sep-2023-18300-CE,76261,0,0,18300.0,0,0,85755,OPT-NIFTY-28-Sep-2023-18300-PE,PE,2023-09-20 14:37:43
NIFTY,NIFTY 50,NIFTY 50,NIFTY 50,50,2023-09-28,0,2023-09-20 14:37:43,CE,OPT-NIFTY-28-Sep-2023-18400-CE,85758,0,0,18400.0,0,0,85759,OPT-NIFTY-28-Sep-2023-18400-PE,PE,2023-09-20 14:37:43
NIFTY,NIFTY 50,NIFTY 50,NIFTY 50,50,2023-09-28,0,2023-09-20 14:37:43,CE,OPT-NIFTY-28-Sep-2023-18500-CE,85762,0,0,18500.0,0,0,85763,OPT-NIFTY-28-Sep-2023-18500-PE,PE,2023-09-20 14:37:43
NIFTY,NIFTY 50,NIFTY 50,NIFTY 50,50,2023-09-28,0,2023-09-20 14:37:43,CE,OPT-NIFTY-28-Sep-2023-18600-CE,85767,0,0,18600.0,0,0,85768,OPT-NIFTY-28-Sep-2023-18600-PE,PE,2023-09-20 14:37:43
NIFTY,NIFTY 50,NIFTY 50,NIFTY 50,50,2023-09-28,0,2023-09-20 14:37:43,CE,OPT-NIFTY-28-Sep-2023-18700-CE,85771,0,0,18700.0,0,0,85772,OPT-NIFTY-28-Sep-2023-18700-PE,PE,2023-09-20 14:37:43
NIFTY,NIFTY 50,NIFTY 50,NIFTY 50,50,2023-09-28,0,2023-09-20 14:37:43,CE,OPT-NIFTY-28-Sep-2023-18800-CE,85775,0,0,18800.0,0,0,85776,OPT-NIFTY-28-Sep-2023-18800-PE,PE,2023-09-20 14:37:43
NIFTY,NIFTY 50,NIFTY 50,NIFTY 50,50,2023-09-28,0,2023-09-20 14:37:43,CE,OPT-NIFTY-28-Sep-2023-18850-CE,85777,0,0,18850.0,0,0,85780,OPT-NIFTY-28-Sep-2023-18850-PE,PE,2023-09-20 14:37:43
NIFTY,NIFTY 50,NIFTY 50,NIFTY 50,50,2023-09-28,0,2023-09-20 14:37:43,CE,OPT-NIFTY-28-Sep-2023-18900-CE,85781,0,0,18900.0,0,0,85782,OPT-NIFTY-28-Sep-2023-18900-PE,PE,2023-09-20 14:37:43
NIFTY,NIFTY 50,NIFTY 50,NIFTY 50,50,2023-09-28,0,2023-09-20 14:37:43,CE,OPT-NIFTY-28-Sep-2023-18950-CE,85783,0,0,18950.0,0,0,85784,OPT-NIFTY-28-Sep-2023-18950-PE,PE,2023-09-20 14:37:43
NIFTY,NIFTY 50,NIFTY 50,NIFTY 50,50,2023-09-28,0,2023-09-20 14:37:43,CE,OPT-NIFTY-28-Sep-2023-19000-CE,86839,0,0,19000.0,0,0,86840,OPT-NIFTY-28-Sep-2023-19000-PE,PE,2023-09-20 14:37:43
NIFTY,NIFTY 50,NIFTY 50,NIFTY 50,50,2023-09-28,0,2023-09-20 14:37:43,CE,OPT-NIFTY-28-Sep-2023-19050-CE,85785,0,0,19050.0,0,0,85786,OPT-NIFTY-28-Sep-2023-19050-PE,PE,2023-09-20 14:37:43
NIFTY,NIFTY 50,NIFTY 50,NIFTY 50,50,2023-09-28,0,2023-09-20 14:37:43,CE,OPT-NIFTY-28-Sep-2023-19100-CE,85787,0,0,19100.0,0,0,85788,OPT-NIFTY-28-Sep-2023-19100-PE,PE,2023-09-20 14:37:43
NIFTY,NIFTY 50,NIFTY 50,NIFTY 50,50,2023-09-28,0,2023-09-20 14:37:43,CE,OPT-NIFTY-28-Sep-2023-19150-CE,85789,0,0,19150.0,0,0,85824,OPT-NIFTY-28-Sep-2023-19150-PE,PE,2023-09-20 14:37:43
NIFTY,NIFTY 50,NIFTY 50,NIFTY 50,50,2023-09-28,0,2023-09-20 14:37:43,CE,OPT-NIFTY-28-Sep-2023-19200-CE,85825,0,0,19200.0,0,0,85826,OPT-NIFTY-28-Sep-2023-19200-PE,PE,2023-09-20 14:37:43
NIFTY,NIFTY 50,NIFTY 50,NIFTY 50,50,2023-09-28,0,2023-09-20 14:37:43,CE,OPT-NIFTY-28-Sep-2023-19250-CE,85827,0,0,19250.0,0,0,85828,OPT-NIFTY-28-Sep-2023-19250-PE,PE,2023-09-20 14:37:43
NIFTY,NIFTY 50,NIFTY 50,NIFTY 50,50,2023-09-28,0,2023-09-20 14:37:43,CE,OPT-NIFTY-28-Sep-2023-19300-CE,85829,0,0,19300.0,0,0,85830,OPT-NIFTY-28-Sep-2023-19300-PE,PE,2023-09-20 14:37:43
NIFTY,NIFTY 50,NIFTY 50,NIFTY 50,50,2023-09-28,0,2023-09-20 14:37:43,CE,OPT-NIFTY-28-Sep-2023-19350-CE,85831,0,0,19350.0,0,0,85832,OPT-NIFTY-28-Sep-2023-19350-PE,PE,2023-09-20 14:37:43
NIFTY,NIFTY 50,NIFTY 50,NIFTY 50,50,2023-09-28,0,2023-09-20 14:37:43,CE,OPT-NIFTY-28-Sep-2023-19400-CE,85833,0,0,19400.0,0,0,85834,OPT-NIFTY-28-Sep-2023-19400-PE,PE,2023-09-20 14:37:43
NIFTY,NIFTY 50,NIFTY 50,NIFTY 50,50,2023-09-28,0,2023-09-20 14:37:43,CE,OPT-NIFTY-28-Sep-2023-19450-CE,85835,0,0,19450.0,0,0,85836,OPT-NIFTY-28-Sep-2023-19450-PE,PE,2023-09-20 14:37:43
NIFTY,NIFTY 50,NIFTY 50,NIFTY 50,50,2023-09-28,0,2023-09-20 14:37:43,CE,OPT-NIFTY-28-Sep-2023-19500-CE,85837,0,0,19500.0,0,0,85849,OPT-NIFTY-28-Sep-2023-19500-PE,PE,2023-09-20 14:37:43
NIFTY,NIFTY 50,NIFTY 50,NIFTY 50,50,2023-09-28,0,2023-09-20 14:37:43,CE,OPT-NIFTY-28-Sep-2023-19550-CE,85850,0,0,19550.0,0,0,85851,OPT-NIFTY-28-Sep-2023-19550-PE,PE,2023-09-20 14:37:43
NIFTY,NIFTY 50,NIFTY 50,NIFTY 50,50,2023-09-28,0,2023-09-20 14:37:43,CE,OPT-NIFTY-28-Sep-2023-19600-CE,85852,0,0,19600.0,0,0,85868,OPT-NIFTY-28-Sep-2023-19600-PE,PE,2023-09-20 14:37:43
NIFTY,NIFTY 50,NIFTY 50,NIFTY 50,50,2023-09-28,0,2023-09-20 14:37:43,CE,OPT-NIFTY-28-Sep-2023-19650-CE,85869,0,0,19650.0,0,0,85870,OPT-NIFTY-28-Sep-2023-19650-PE,PE,2023-09-20 14:37:43
NIFTY,NIFTY 50,NIFTY 50,NIFTY 50,50,2023-09-28,0,2023-09-20 14:37:43,CE,OPT-NIFTY-28-Sep-2023-19700-CE,85871,0,0,19700.0,0,0,85872,OPT-NIFTY-28-Sep-2023-19700-PE,PE,2023-09-20 14:37:43
NIFTY,NIFTY 50,NIFTY 50,NIFTY 50,50,2023-09-28,0,2023-09-20 14:37:43,CE,OPT-NIFTY-28-Sep-2023-19750-CE,85873,0,0,19750.0,0,0,85874,OPT-NIFTY-28-Sep-2023-19750-PE,PE,2023-09-20 14:37:43
NIFTY,NIFTY 50,NIFTY 50,NIFTY 50,50,2023-09-28,0,2023-09-20 14:37:43,CE,OPT-NIFTY-28-Sep-2023-19800-CE,85875,0,0,19800.0,0,0,85876,OPT-NIFTY-28-Sep-2023-19800-PE,PE,2023-09-20 14:37:43
NIFTY,NIFTY 50,NIFTY 50,NIFTY 50,50,2023-09-28,0,2023-09-20 14:37:43,CE,OPT-NIFTY-28-Sep-2023-19850-CE,85877,0,0,19850.0,0,0,85878,OPT-NIFTY-28-Sep-2023-19850-PE,PE,2023-09-20 14:37:43
NIFTY,NIFTY 50,NIFTY 50,NIFTY 50,50,2023-09-28,0,2023-09-20 14:37:43,CE,OPT-NIFTY-28-Sep-2023-19900-CE,85879,0,0,19900.0,0,0,85880,OPT-NIFTY-28-Sep-2023-19900-PE,PE,2023-09-20 14:37:43
NIFTY,NIFTY 50,NIFTY 50,NIFTY 50,50,2023-09-28,0,2023-09-20 14:37:43,CE,OPT-NIFTY-28-Sep-2023-19950-CE,85881,0,0,19950.0,0,0,85882,OPT-NIFTY-28-Sep-2023-19950-PE,PE,2023-09-20 14:37:43
NIFTY,NIFTY 50,NIFTY 50,NIFTY 50,50,2023-09-28,0,2023-09-20 14:37:43,CE,OPT-NIFTY-28-Sep-2023-20000-CE,86841,0,0,20000.0,0,0,86842,OPT-NIFTY-28-Sep-2023-20000-PE,PE,2023-09-20 14:37:43
NIFTY,NIFTY 50,NIFTY 50,NIFTY 50,50,2023-09-28,0,2023-09-20 14:37:43,CE,OPT-NIFTY-28-Sep-2023-20050-CE,85883,0,0,20050.0,0,0,85884,OPT-NIFTY-28-Sep-2023-20050-PE,PE,2023-09-20 14:37:43
NIFTY,NIFTY 50,NIFTY 50,NIFTY 50,50,2023-09-28,0,2023-09-20 14:37:43,CE,OPT-NIFTY-28-Sep-2023-20100-CE,85885,0,0,20100.0,0,0,85886,OPT-NIFTY-28-Sep-2023-20100-PE,PE,2023-09-20 14:37:43
NIFTY,NIFTY 50,NIFTY 50,NIFTY 50,50,2023-09-28,0,2023-09-20 14:37:43,CE,OPT-NIFTY-28-Sep-2023-20150-CE,85887,0,0,20150.0,0,0,85888,OPT-NIFTY-28-Sep-2023-20150-PE,PE,2023-09-20 14:37:43
NIFTY,NIFTY 50,NIFTY 50,NIFTY 50,50,2023-09-28,0,2023-09-20 14:37:43,CE,OPT-NIFTY-28-Sep-2023-20200-CE,85889,0,0,20200.0,0,0,85892,OPT-NIFTY-28-Sep-2023-20200-PE,PE,2023-09-20 14:37:43
NIFTY,NIFTY 50,NIFTY 50,NIFTY 50,50,2023-09-28,0,2023-09-20 14:37:43,CE,OPT-NIFTY-28-Sep-2023-20250-CE,85893,0,0,20250.0,0,0,85894,OPT-NIFTY-28-Sep-2023-20250-PE,PE,2023-09-20 14:37:43
NIFTY,NIFTY 50,NIFTY 50,NIFTY 50,50,2023-09-28,0,2023-09-20 14:37:43,CE,OPT-NIFTY-28-Sep-2023-20300-CE,85895,0,0,20300.0,0,0,85896,OPT-NIFTY-28-Sep-2023-20300-PE,PE,2023-09-20 14:37:43
NIFTY,NIFTY 50,NIFTY 50,NIFTY 50,50,2023-09-28,0,2023-09-20 14:37:43,CE,OPT-NIFTY-28-Sep-2023-20350-CE,85897,0,0,20350.0,0,0,85898,OPT-NIFTY-28-Sep-2023-20350-PE,PE,2023-09-20 14:37:43
NIFTY,NIFTY 50,NIFTY 50,NIFTY 50,50,2023-09-28,0,2023-09-20 14:37:43,CE,OPT-NIFTY-28-Sep-2023-20400-CE,85899,0,0,20400.0,0,0,85900,OPT-NIFTY-28-Sep-2023-20400-PE,PE,2023-09-20 14:37:43
NIFTY,NIFTY 50,NIFTY 50,NIFTY 50,50,2023-09-28,0,2023-09-20 14:37:43,CE,OPT-NIFTY-28-Sep-2023-20450-CE,85901,0,0,20450.0,0,0,85902,OPT-NIFTY-28-Sep-2023-20450-PE,PE,2023-09-20 14:37:43
NIFTY,NIFTY 50,NIFTY 50,NIFTY 50,50,2023-09-28,0,2023-09-20 14:37:43,CE,OPT-NIFTY-28-Sep-2023-20500-CE,85903,0,0,20500.0,0,0,85906,OPT-NIFTY-28-Sep-2023-20500-PE,PE,2023-09-20 14:37:43
NIFTY,NIFTY 50,NIFTY 50,NIFTY 50,50,2023-09-28,0,2023-09-20 14:37:43,CE,OPT-NIFTY-28-Sep-2023-20550-CE,85907,0,0,20550.0,0,0,85908,OPT-NIFTY-28-Sep-2023-20550-PE,PE,2023-09-20 14:37:43
NIFTY,NIFTY 50,NIFTY 50,NIFTY 50,50,2023-09-28,0,2023-09-20 14:37:43,CE,OPT-NIFTY-28-Sep-2023-20600-CE,85909,0,0,20600.0,0,0,85914,OPT-NIFTY-28-Sep-2023-20600-PE,PE,2023-09-20 14:37:43
NIFTY,NIFTY 50,NIFTY 50,NIFTY 50,50,2023-09-28,0,2023-09-20 14:37:43,CE,OPT-NIFTY-28-Sep-2023-20650-CE,85915,0,0,20650.0,0,0,85916,OPT-NIFTY-28-Sep-2023-20650-PE,PE,2023-09-20 14:37:43
NIFTY,NIFTY 50,NIFTY 50,NIFTY 50,50,2023-09-28,0,2023-09-20 14:37:43,CE,OPT-NIFTY-28-Sep-2023-20700-CE,85917,0,0,20700.0,0,0,85918,OPT-NIFTY-28-Sep-2023-20700-PE,PE,2023-09-20 14:37:43
NIFTY,NIFTY 50,NIFTY 50,NIFTY 50,50,2023-09-28,0,2023-09-20 14:37:43,CE,OPT-NIFTY-28-Sep-2023-20750-CE,85919,0,0,20750.0,0,0,85920,OPT-NIFTY-28-Sep-2023-20750-PE,PE,2023-09-20 14:37:43
NIFTY,NIFTY 50,NIFTY 50,NIFTY 50,50,2023-09-28,0,2023-09-20 14:37:43,CE,OPT-NIFTY-28-Sep-2023-20800-CE,85921,0,0,20800.0,0,0,85930,OPT-NIFTY-28-Sep-2023-20800-PE,PE,2023-09-20 14:37:43
NIFTY,NIFTY 50,NIFTY 50,NIFTY 50,50,2023-09-28,0,2023-09-20 14:37:43,CE,OPT-NIFTY-28-Sep-2023-20900-CE,85933,0,0,20900.0,0,0,85934,OPT-NIFTY-28-Sep-2023-20900-PE,PE,2023-09-20 14:37:43
NIFTY,NIFTY 50,NIFTY 50,NIFTY 50,50,2023-09-28,0,2023-09-20 14:37:43,CE,OPT-NIFTY-28-Sep-2023-20950-CE,86011,0,0,20950.0,0,0,86012,OPT-NIFTY-28-Sep-2023-20950-PE,PE,2023-09-20 14:37:43
NIFTY,NIFTY 50,NIFTY 50,NIFTY 50,50,2023-09-28,0,2023-09-20 14:37:43,CE,OPT-NIFTY-28-Sep-2023-21000-CE,86843,0,0,21000.0,0,0,86844,OPT-NIFTY-28-Sep-2023-21000-PE,PE,2023-09-20 14:37:43
NIFTY,NIFTY 50,NIFTY 50,NIFTY 50,50,2023-09-28,0,2023-09-20 14:37:43,CE,OPT-NIFTY-28-Sep-2023-21500-CE,86097,0,0,21500.0,0,0,86098,OPT-NIFTY-28-Sep-2023-21500-PE,PE,2023-09-20 14:37:43
NIFTY,NIFTY 50,NIFTY 50,NIFTY 50,50,2023-09-28,0,2023-09-20 14:37:43,CE,OPT-NIFTY-28-Sep-2023-22000-CE,86845,0,0,22000.0,0,0,86846,OPT-NIFTY-28-Sep-2023-22000-PE,PE,2023-09-20 14:37:43
NIFTY,NIFTY 50,NIFTY 50,NIFTY 50,50,2023-09-28,0,2023-09-20 14:37:43,CE,OPT-NIFTY-28-Sep-2023-23000-CE,86847,0,0,23000.0,0,0,86848,OPT-NIFTY-28-Sep-2023-23000-PE,PE,2023-09-20 14:37:43
NIFTY,NIFTY 50,NIFTY 50,NIFTY 50,50,2023-09-28,0,2023-09-20 14:37:43,CE,OPT-NIFTY-28-Sep-2023-24000-CE,86849,0,0,24000.0,0,0,86850,OPT-NIFTY-28-Sep-2023-24000-PE,PE,2023-09-20 14:37:43
CNXBAN,NIFTY BANK,NIFTY BANK,NIFTY BANK,15,2023-09-20,0,2023-09-20 14:37:43,CE,OPT-CNXBAN-20-Sep-2023-40000-CE,49970,0,0,40000.0,0,0,49974,OPT-CNXBAN-20-Sep-2023-40000-PE,PE,2023-09-20 14:37:43
CNXBAN,NIFTY BANK,NIFTY BANK,NIFTY BANK,15,2023-09-20,0,2023-09-20 14:37:43,CE,OPT-CNXBAN-20-Sep-2023-41000-CE,50010,0,0,41000.0,0,0,50011,OPT-CNXBAN-20-Sep-2023-41000-PE,PE,2023-09-20 14:37:43
CNXBAN,NIFTY BANK,NIFTY BANK,NIFTY BANK,15,2023-09-20,0,2023-09-20 14:37:43,CE,OPT-CNXBAN-20-Sep-2023-42000-CE,50034,0,0,42000.0,0,0,50035,OPT-CNXBAN-20-Sep-2023-42000-PE,PE,2023-09-20 14:37:43
CNXBAN,NIFTY BANK,NIFTY BANK,NIFTY BANK,15,2023-09-20,0,2023-09-20 14:37:43,CE,OPT-CNXBAN-20-Sep-2023-42500-CE,50044,0,0,42500.0,0,0,50045,OPT-CNXBAN-20-Sep-2023-42500-PE,PE,2023-09-20 14:37:43
CNXBAN,NIFTY BANK,NIFTY BANK,NIFTY BANK,15,2023-09-20,0,2023-09-20 14:37:43,CE,OPT-CNXBAN-20-Sep-2023-42800-CE,50058,0,0,42800.0,0,0,50063,OPT-CNXBAN-20-Sep-2023-42800-PE,PE,2023-09-20 14:37:43
CNXBAN,NIFTY BANK,NIFTY BANK,NIFTY BANK,15,2023-09-20,0,2023-09-20 14:37:43,CE,OPT-CNXBAN-20-Sep-2023-43000-CE,50072,0,0,43000.0,0,0,50073,OPT-CNXBAN-20-Sep-2023-43000-PE,PE,2023-09-20 14:37:43
CNXBAN,NIFTY BANK,NIFTY BANK,NIFTY BANK,15,2023-09-20,0,2023-09-20 14:37:43,CE,OPT-CNXBAN-20-Sep-2023-43100-CE,50074,0,0,43100.0,0,0,50075,OPT-CNXBAN-20-Sep-2023-43100-PE,PE,2023-09-20 14:37:43
CNXBAN,NIFTY BANK,NIFTY BANK,NIFTY BANK,15,2023-09-20,0,2023-09-20 14:37:43,CE,OPT-CNXBAN-20-Sep-2023-43400-CE,50080,0,0,43400.0,0,0,50081,OPT-CNXBAN-20-Sep-2023-43400-PE,PE,2023-09-20 14:37:43
CNXBAN,NIFTY BANK,NIFTY BANK,NIFTY BANK,15,2023-09-20,0,2023-09-20 14:37:43,CE,OPT-CNXBAN-20-Sep-2023-43500-CE,50082,0,0,43500.0,0,0,50083,OPT-CNXBAN-20-Sep-2023-43500-PE,PE,2023-09-20 14:37:43
CNXBAN,NIFTY BANK,NIFTY BANK,NIFTY BANK,15,2023-09-20,0,2023-09-20 14:37:43,CE,OPT-CNXBAN-20-Sep-2023-43700-CE,50086,0,0,43700.0,0,0,50087,OPT-CNXBAN-20-Sep-2023-43700-PE,PE,2023-09-20 14:37:43
CNXBAN,NIFTY BANK,NIFTY BANK,NIFTY BANK,15,2023-09-20,0,2023-09-20 14:37:43,CE,OPT-CNXBAN-20-Sep-2023-43800-CE,50088,0,0,43800.0,0,0,50089,OPT-CNXBAN-20-Sep-2023-43800-PE,PE,2023-09-20 14:37:43
CNXBAN,NIFTY BANK,NIFTY BANK,NIFTY BANK,15,2023-09-20,0,2023-09-20 14:37:43,CE,OPT-CNXBAN-20-Sep-2023-43900-CE,50090,0,0,43900.0,0,0,50091,OPT-CNXBAN-20-Sep-2023-43900-PE,PE,2023-09-20 14:37:43
CNXBAN,NIFTY BANK,NIFTY BANK,NIFTY BANK,15,2023-09-20,0,2023-09-20 14:37:43,CE,OPT-CNXBAN-20-Sep-2023-44000-CE,50097,0,0,44000.0,0,0,50098,OPT-CNXBAN-20-Sep-2023-44000-PE,PE,2023-09-20 14:37:43
CNXBAN,NIFTY BANK,NIFTY BANK,NIFTY BANK,15,2023-09-20,0,2023-09-20 14:37:43,CE,OPT-CNXBAN-20-Sep-2023-44100-CE,50099,0,0,44100.0,0,0,50100,OPT-CNXBAN-20-Sep-2023-44100-PE,PE,2023-09-20 14:37:43
CNXBAN,NIFTY BANK,NIFTY BANK,NIFTY BANK,15,2023-09-20,0,2023-09-20 14:37:43,CE,OPT-CNXBAN-20-Sep-2023-44200-CE,50102,0,0,44200.0,0,0,50103,OPT-CNXBAN-20-Sep-2023-44200-PE,PE,2023-09-20 14:37:43
CNXBAN,NIFTY BANK,NIFTY BANK,NIFTY BANK,15,2023-09-20,0,2023-09-20 14:37:43,CE,OPT-CNXBAN-20-Sep-2023-44300-CE,50104,0,0,44300.0,0,0,50107,OPT-CNXBAN-20-Sep-2023-44300-PE,PE,2023-09-20 14:37:43
CNXBAN,NIFTY BANK,NIFTY BANK,NIFTY BANK,15,2023-09-20,0,2023-09-20 14:37:43,CE,OPT-CNXBAN-20-Sep-2023-44400-CE,50108,0,0,44400.0,0,0,50109,OPT-CNXBAN-20-Sep-2023-44400-PE,PE,2023-09-20 14:37:43
CNXBAN,NIFTY BANK,NIFTY BANK,NIFTY BANK,15,2023-09-20,0,2023-09-20 14:37:43,CE,OPT-CNXBAN-20-Sep-2023-44500-CE,50110,0,0,44500.0,0,0,50111,OPT-CNXBAN-20-Sep-2023-44500-PE,PE,2023-09-20 14:37:43
CNXBAN,NIFTY BANK,NIFTY BANK,NIFTY BANK,15,2023-09-20,0,2023-09-20 14:37:43,CE,OPT-CNXBAN-20-Sep-2023-44600-CE,50112,0,0,44600.0,0,0,50113,OPT-CNXBAN-20-Sep-2023-44600-PE,PE,2023-09-20 14:37:43
CNXBAN,NIFTY BANK,NIFTY BANK,NIFTY BANK,15,2023-09-20,0,2023-09-20 14:37:43,CE,OPT-CNXBAN-20-Sep-2023-44700-CE,50114,0,0,44700.0,0,0,50115,OPT-CNXBAN-20-Sep-2023-44700-PE,PE,2023-09-20 14:37:43
CNXBAN,NIFTY BANK,NIFTY BANK,NIFTY BANK,15,2023-09-20,0,2023-09-20 14:37:43,CE,OPT-CNXBAN-20-Sep-2023-44800-CE,50116,0,0,44800.0,0,0,50117,OPT-CNXBAN-20-Sep-2023-44800-PE,PE,2023-09-20 14:37:43
CNXBAN,NIFTY BANK,NIFTY BANK,NIFTY BANK,15,2023-09-20,0,2023-09-20 14:37:43,CE,OPT-CNXBAN-20-Sep-2023-44900-CE,50118,0,0,44900.0,0,0,50119,OPT-CNXBAN-20-Sep-2023-44900-PE,PE,2023-09-20 14:37:43
CNXBAN,NIFTY BANK,NIFTY BANK,NIFTY BANK,15,2023-09-20,0,2023-09-20 14:37:43,CE,OPT-CNXBAN-20-Sep-2023-45000-CE,50120,0,0,45000.0,0,0,50121,OPT-CNXBAN-20-Sep-2023-45000-PE,PE,2023-09-20 14:37:43
CNXBAN,NIFTY BANK,NIFTY BANK,NIFTY BANK,15,2023-09-20,0,2023-09-20 14:37:43,CE,OPT-CNXBAN-20-Sep-2023-45100-CE,50122,0,0,45100.0,0,0,50123,OPT-CNXBAN-20-Sep-2023-45100-PE,PE,2023-09-20 14:37:43
CNXBAN,NIFTY BANK,NIFTY BANK,NIFTY BANK,15,2023-09-20,0,2023-09-20 14:37:43,CE,OPT-CNXBAN-20-Sep-2023-45200-CE,50124,0,0,45200.0,0,0,50125,OPT-CNXBAN-20-Sep-2023-45200-PE,PE,2023-09-20 14:37:43
CNXBAN,NIFTY BANK,NIFTY BANK,NIFTY BANK,15,2023-09-20,0,2023-09-20 14:37:43,CE,OPT-CNXBAN-20-Sep-2023-45300-CE,50126,0,0,45300.0,0,0,50127,OPT-CNXBAN-20-Sep-2023-45300-PE,PE,2023-09-20 14:37:43
CNXBAN,NIFTY BANK,NIFTY BANK,NIFTY BANK,15,2023-09-20,0,2023-09-20 14:37:43,CE,OPT-CNXBAN-20-Sep-2023-45400-CE,50128,0,0,45400.0,0,0,50129,OPT-CNXBAN-20-Sep-2023-45400-PE,PE,2023-09-20 14:37:43
CNXBAN,NIFTY BANK,NIFTY BANK,NIFTY BANK,15,2023-09-20,0,2023-09-20 14:37:43,CE,OPT-CNXBAN-20-Sep-2023-45500-CE,50130,0,0,45500.0,0,0,50131,OPT-CNXBAN-20-Sep-2023-45500-PE,PE,2023-09-20 14:37:43
CNXBAN,NIFTY BANK,NIFTY BANK,NIFTY BANK,15,2023-09-20,0,2023-09-20 14:37:43,CE,OPT-CNXBAN-20-Sep-2023-45600-CE,50132,0,0,45600.0,0,0,50133,OPT-CNXBAN-20-Sep-2023-45600-PE,PE,2023-09-20 14:37:43
CNXBAN,NIFTY BANK,NIFTY BANK,NIFTY BANK,15,2023-09-20,0,2023-09-20 14:37:43,CE,OPT-CNXBAN-20-Sep-2023-45700-CE,50134,0,0,45700.0,0,0,50135,OPT-CNXBAN-20-Sep-2023-45700-PE,PE,2023-09-20 14:37:43
CNXBAN,NIFTY BANK,NIFTY BANK,NIFTY BANK,15,2023-09-20,0,2023-09-20 14:37:43,CE,OPT-CNXBAN-20-Sep-2023-45800-CE,50137,0,0,45800.0,0,0,50138,OPT-CNXBAN-20-Sep-2023-45800-PE,PE,2023-09-20 14:37:43
CNXBAN,NIFTY BANK,NIFTY BANK,NIFTY BANK,15,2023-09-20,0,2023-09-20 14:37:43,CE,OPT-CNXBAN-20-Sep-2023-45900-CE,50140,0,0,45900.0,0,0,50141,OPT-CNXBAN-20-Sep-2023-45900-PE,PE,2023-09-20 14:37:43
CNXBAN,NIFTY BANK,NIFTY BANK,NIFTY BANK,15,2023-09-20,0,2023-09-20 14:37:43,CE,OPT-CNXBAN-20-Sep-2023-46000-CE,50142,0,0,46000.0,0,0,50143,OPT-CNXBAN-20-Sep-2023-46000-PE,PE,2023-09-20 14:37:43
CNXBAN,NIFTY BANK,NIFTY BANK,NIFTY BANK,15,2023-09-20,0,2023-09-20 14:37:43,CE,OPT-CNXBAN-20-Sep-2023-46100-CE,50144,0,0,46100.0,0,0,50147,OPT-CNXBAN-20-Sep-2023-46100-PE,PE,2023-09-20 14:37:43
CNXBAN,NIFTY BANK,NIFTY BANK,NIFTY BANK,15,2023-09-20,0,2023-09-20 14:37:43,CE,OPT-CNXBAN-20-Sep-2023-46200-CE,50148,0,0,46200.0,0,0,50151,OPT-CNXBAN-20-Sep-2023-46200-PE,PE,2023-09-20 14:37:43
CNXBAN,NIFTY BANK,NIFTY BANK,NIFTY BANK,15,2023-09-20,0,2023-09-20 14:37:43,CE,OPT-CNXBAN-20-Sep-2023-46300-CE,50156,0,0,46300.0,0,0,50157,OPT-CNXBAN-20-Sep-2023-46300-PE,PE,2023-09-20 14:37:43
CNXBAN,NIFTY BANK,NIFTY BANK,NIFTY BANK,15,2023-09-20,0,2023-09-20 14:37:43,CE,OPT-CNXBAN-20-Sep-2023-46400-CE,50158,0,0,46400.0,0,0,50159,OPT-CNXBAN-20-Sep-2023-46400-PE,PE,2023-09-20 14:37:43
CNXBAN,NIFTY BANK,NIFTY BANK,NIFTY BANK,15,2023-09-20,0,2023-09-20 14:37:43,CE,OPT-CNXBAN-20-Sep-2023-46500-CE,50160,0,0,46500.0,0,0,50161,OPT-CNXBAN-20-Sep-2023-46500-PE,PE,2023-09-20 14:37:43
CNXBAN,NIFTY BANK,NIFTY BANK,NIFTY BANK,15,2023-09-20,0,2023-09-20 14:37:43,CE,OPT-CNXBAN-20-Sep-2023-46600-CE,50162,0,0,46600.0,0,0,50163,OPT-CNXBAN-20-Sep-2023-46600-PE,PE,2023-09-20 14:37:43
CNXBAN,NIFTY BANK,NIFTY BANK,NIFTY BANK,15,2023-09-20,0,2023-09-20 14:37:43,CE,OPT-CNXBAN-20-Sep-2023-46700-CE,50164,0,0,46700.0,0,0,50165,OPT-CNXBAN-20-Sep-2023-46700-PE,PE,2023-09-20 14:37:43
CNXBAN,NIFTY BANK,NIFTY BANK,NIFTY BANK,15,2023-09-20,0,2023-09-20 14:37:43,CE,OPT-CNXBAN-20-Sep-2023-46800-CE,50166,0,0,46800.0,0,0,50167,OPT-CNXBAN-20-Sep-2023-46800-PE,PE,2023-09-20 14:37:43
CNXBAN,NIFTY BANK,NIFTY BANK,NIFTY BANK,15,2023-09-20,0,2023-09-20 14:37:43,CE,OPT-CNXBAN-20-Sep-2023-46900-CE,50168,0,0,46900.0,0,0,50169,OPT-CNXBAN-20-Sep-2023-46900-PE,PE,2023-09-20 14:37:43
CNXBAN,NIFTY BANK,NIFTY BANK,NIFTY BANK,15,2023-09-20,0,2023-09-20 14:37:43,CE,OPT-CNXBAN-20-Sep-2023-47000-CE,50170,0,0,47000.0,0,0,50171,OPT-CNXBAN-20-Sep-2023-47000-PE,PE,2023-09-20 14:37:43
CNXBAN,NIFTY BANK,NIFTY BANK,NIFTY BANK,15,2023-09-20,0,2023-09-20 14:37:43,CE,OPT-CNXBAN-20-Sep-2023-47100-CE,50172,0,0,47100.0,0,0,50173,OPT-CNXBAN-20-Sep-2023-47100-PE,PE,2023-09-20 14:37:43
CNXBAN,NIFTY BANK,NIFTY BANK,NIFTY BANK,15,2023-09-20,0,2023-09-20 14:37:43,CE,OPT-CNXBAN-20-Sep-2023-47500-CE,50182,0,0,47500.0,0,0,50183,OPT-CNXBAN-20-Sep-2023-47500-PE,PE,2023-09-20 14:37:43
CNXBAN,NIFTY BANK,NIFTY BANK,NIFTY BANK,15,2023-09-20,0,2023-09-20 14:37:43,CE,OPT-CNXBAN-20-Sep-2023-48000-CE,50195,0,0,48000.0,0,0,50199,OPT-CNXBAN-20-Sep-2023-48000-PE,PE,2023-09-20 14:37:43
CNXBAN,NIFTY BANK,NIFTY BANK,NIFTY BANK,15,2023-09-28,0,2023-09-20 14:37:43,CE,OPT-CNXBAN-28-Sep-2023-38000-CE,59062,0,0,38000.0,0,0,59063,OPT-CNXBAN-28-Sep-2023-38000-PE,PE,2023-09-20 14:37:43
CNXBAN,NIFTY BANK,NIFTY BANK,NIFTY BANK,15,2023-09-28,0,2023-09-20 14:37:43,CE,OPT-CNXBAN-28-Sep-2023-39000-CE,85991,0,0,39000.0,0,0,85992,OPT-CNXBAN-28-Sep-2023-39000-PE,PE,2023-09-20 14:37:43
CNXBAN,NIFTY BANK,NIFTY BANK,NIFTY BANK,15,2023-09-28,0,2023-09-20 14:37:43,CE,OPT-CNXBAN-28-Sep-2023-40000-CE,59093,0,0,40000.0,0,0,59094,OPT-CNXBAN-28-Sep-2023-40000-PE,PE,2023-09-20 14:37:43
CNXBAN,NIFTY BANK,NIFTY BANK,NIFTY BANK,15,2023-09-28,0,2023-09-20 14:37:43,CE,OPT-CNXBAN-28-Sep-2023-40500-CE,85993,0,0,40500.0,0,0,85994,OPT-CNXBAN-28-Sep-2023-40500-PE,PE,2023-09-20 14:37:43
CNXBAN,NIFTY BANK,NIFTY BANK,NIFTY BANK,15,2023-09-28,0,2023-09-20 14:37:43,CE,OPT-CNXBAN-28-Sep-2023-41000-CE,59115,0,0,41000.0,0,0,59116,OPT-CNXBAN-28-Sep-2023-41000-PE,PE,2023-09-20 14:37:43
CNXBAN,NIFTY BANK,NIFTY BANK,NIFTY BANK,15,2023-09-28,0,2023-09-20 14:37:43,CE,OPT-CNXBAN-28-Sep-2023-41500-CE,59125,0,0,41500.0,0,0,59126,OPT-CNXBAN-28-Sep-2023-41500-PE,PE,2023-09-20 14:37:43
CNXBAN,NIFTY BANK,NIFTY BANK,NIFTY BANK,15,2023-09-28,0,2023-09-20 14:37:43,CE,OPT-CNXBAN-28-Sep-2023-42000-CE,85995,0,0,42000.0,0,0,85996,OPT-CNXBAN-28-Sep-2023-42000-PE,PE,2023-09-20 14:37:43
CNXBAN,NIFTY BANK,NIFTY BANK,NIFTY BANK,15,2023-09-28,0,2023-09-20 14:37:43,CE,OPT-CNXBAN-28-Sep-2023-42500-CE,59154,0,0,42500.0,0,0,59155,OPT-CNXBAN-28-Sep-2023-42500-PE,PE,2023-09-20 14:37:43
CNXBAN,NIFTY BANK,NIFTY BANK,NIFTY BANK,15,2023-09-28,0,2023-09-20 14:37:43,CE,OPT-CNXBAN-28-Sep-2023-43000-CE,59164,0,0,43000.0,0,0,59165,OPT-CNXBAN-28-Sep-2023-43000-PE,PE,2023-09-20 14:37:43
CNXBAN,NIFTY BANK,NIFTY BANK,NIFTY BANK,15,2023-09-28,0,2023-09-20 14:37:43,CE,OPT-CNXBAN-28-Sep-2023-43100-CE,59166,0,0,43100.0,0,0,59167,OPT-CNXBAN-28-Sep-2023-43100-PE,PE,2023-09-20 14:37:43
CNXBAN,NIFTY BANK,NIFTY BANK,NIFTY BANK,15,2023-09-28,0,2023-09-20 14:37:43,CE,OPT-CNXBAN-28-Sep-2023-43300-CE,59173,0,0,43300.0,0,0,59174,OPT-CNXBAN-28-Sep-2023-43300-PE,PE,2023-09-20 14:37:43
CNXBAN,NIFTY BANK,NIFTY BANK,NIFTY BANK,15,2023-09-28,0,2023-09-20 14:37:43,CE,OPT-CNXBAN-28-Sep-2023-43400-CE,59175,0,0,43400.0,0,0,59176,OPT-CNXBAN-28-Sep-2023-43400-PE,PE,2023-09-20 14:37:43
CNXBAN,NIFTY BANK,NIFTY BANK,NIFTY BANK,15,2023-09-28,0,2023-09-20 14:37:43,CE,OPT-CNXBAN-28-Sep-2023-43500-CE,85997,0,0,43500.0,0,0,85998,OPT-CNXBAN-28-Sep-2023-43500-PE,PE,2023-09-20 14:37:43
CNXBAN,NIFTY BANK,NIFTY BANK,NIFTY BANK,15,2023-09-28,0,2023-09-20 14:37:43,CE,OPT-CNXBAN-28-Sep-2023-43600-CE,59177,0,0,43600.0,0,0,59179,OPT-CNXBAN-28-Sep-2023-43600-PE,PE,2023-09-20 14:37:43
CNXBAN,NIFTY BANK,NIFTY BANK,NIFTY BANK,15,2023-09-28,0,2023-09-20 14:37:43,CE,OPT-CNXBAN-28-Sep-2023-43700-CE,59180,0,0,43700.0,0,0,59181,OPT-CNXBAN-28-Sep-2023-43700-PE,PE,2023-09-20 14:37:43
CNXBAN,NIFTY BANK,NIFTY BANK,NIFTY BANK,15,2023-09-28,0,2023-09-20 14:37:43,CE,OPT-CNXBAN-28-Sep-2023-43800-CE,59182,0,0,43800.0,0,0,59183,OPT-CNXBAN-28-Sep-2023-43800-PE,PE,2023-09-20 14:37:43
CNXBAN,NIFTY BANK,NIFTY BANK,NIFTY BANK,15,2023-09-28,0,2023-09-20 14:37:43,CE,OPT-CNXBAN-28-Sep-2023-43900-CE,59184,0,0,43900.0,0,0,59185,OPT-CNXBAN-28-Sep-2023-43900-PE,PE,2023-09-20 14:37:43
CNXBAN,NIFTY BANK,NIFTY BANK,NIFTY BANK,15,2023-09-28,0,2023-09-20 14:37:43,CE,OPT-CNXBAN-28-Sep-2023-44000-CE,59186,0,0,44000.0,0,0,59187,OPT-CNXBAN-28-Sep-2023-44000-PE,PE,2023-09-20 14:37:43
CNXBAN,NIFTY BANK,NIFTY BANK,NIFTY BANK,15,2023-09-28,0,2023-09-20 14:37:43,CE,OPT-CNXBAN-28-Sep-2023-44100-CE,59188,0,0,44100.0,0,0,59189,OPT-CNXBAN-28-Sep-2023-44100-PE,PE,2023-09-20 14:37:43
CNXBAN,NIFTY BANK,NIFTY BANK,NIFTY BANK,15,2023-09-28,0,2023-09-20 14:37:43,CE,OPT-CNXBAN-28-Sep-2023-44200-CE,59190,0,0,44200.0,0,0,59191,OPT-CNXBAN-28-Sep-2023-44200-PE,PE,2023-09-20 14:37:43
CNXBAN,NIFTY BANK,NIFTY BANK,NIFTY BANK,15,2023-09-28,0,2023-09-20 14:37:43,CE,OPT-CNXBAN-28-Sep-2023-44300-CE,59192,0,0,44300.0,0,0,59193,OPT-CNXBAN-28-Sep-2023-44300-PE,PE,2023-09-20 14:37:43
CNXBAN,NIFTY BANK,NIFTY BANK,NIFTY BANK,15,2023-09-28,0,2023-09-20 14:37:43,CE,OPT-CNXBAN-28-Sep-2023-44400-CE,59194,0,0,44400.0,0,0,59195,OPT-CNXBAN-28-Sep-2023-44400-PE,PE,2023-09-20 14:37:43
CNXBAN,NIFTY BANK,NIFTY BANK,NIFTY BANK,15,2023-09-28,0,2023-09-20 14:37:43,CE,OPT-CNXBAN-28-Sep-2023-44500-CE,59196,0,0,44500.0,0,0,59197,OPT-CNXBAN-28-Sep-2023-44500-PE,PE,2023-09-20 14:37:43
CNXBAN,NIFTY BANK,NIFTY BANK,NIFTY BANK,15,2023-09-28,0,2023-09-20 14:37:43,CE,OPT-CNXBAN-28-Sep-2023-44600-CE,59198,0,0,44600.0,0,0,59202,OPT-CNXBAN-28-Sep-2023-44600-PE,PE,2023-09-20 14:37:43
CNXBAN,NIFTY BANK,NIFTY BANK,NIFTY BANK,15,2023-09-28,0,2023-09-20 14:37:43,CE,OPT-CNXBAN-28-Sep-2023-44700-CE,59203,0,0,44700.0,0,0,59204,OPT-CNXBAN-28-Sep-2023-44700-PE,PE,2023-09-20 14:37:43
CNXBAN,NIFTY BANK,NIFTY BANK,NIFTY BANK,15,2023-09-28,0,2023-09-20 14:37:43,CE,OPT-CNXBAN-28-Sep-2023-44800-CE,59205,0,0,44800.0,0,0,59206,OPT-CNXBAN-28-Sep-2023-44800-PE,PE,2023-09-20 14:37:43
CNXBAN,NIFTY BANK,NIFTY BANK,NIFTY BANK,15,2023-09-28,0,2023-09-20 14:37:43,CE,OPT-CNXBAN-28-Sep-2023-44900-CE,59207,0,0,44900.0,0,0,59208,OPT-CNXBAN-28-Sep-2023-44900-PE,PE,2023-09-20 14:37:43
CNXBAN,NIFTY BANK,NIFTY BANK,NIFTY BANK,15,2023-09-28,0,2023-09-20 14:37:43,CE,OPT-CNXBAN-28-Sep-2023-45000-CE,85999,0,0,45000.0,0,0,86000,OPT-CNXBAN-28-Sep-2023-45000-PE,PE,2023-09-20 14:37:43
CNXBAN,NIFTY BANK,NIFTY BANK,NIFTY BANK,15,2023-09-28,0,2023-09-20 14:37:43,CE,OPT-CNXBAN-28-Sep-2023-45100-CE,59209,0,0,45100.0,0,0,59210,OPT-CNXBAN-28-Sep-2023-45100-PE,PE,2023-09-20 14:37:43
CNXBAN,NIFTY BANK,NIFTY BANK,NIFTY BANK,15,2023-09-28,0,2023-09-20 14:37:43,CE,OPT-CNXBAN-28-Sep-2023-45200-CE,59211,0,0,45200.0,0,0,59213,OPT-CNXBAN-28-Sep-2023-45200-PE,PE,2023-09-20 14:37:43
CNXBAN,NIFTY BANK,NIFTY BANK,NIFTY BANK,15,2023-09-28,0,2023-09-20 14:37:43,CE,OPT-CNXBAN-28-Sep-2023-45300-CE,59218,0,0,45300.0,0,0,59219,OPT-CNXBAN-28-Sep-2023-45300-PE,PE,2023-09-20 14:37:43
CNXBAN,NIFTY BANK,NIFTY BANK,NIFTY BANK,15,2023-09-28,0,2023-09-20 14:37:43,CE,OPT-CNXBAN-28-Sep-2023-45400-CE,59224,0,0,45400.0,0,0,59225,OPT-CNXBAN-28-Sep-2023-45400-PE,PE,2023-09-20 14:37:43
CNXBAN,NIFTY BANK,NIFTY BANK,NIFTY BANK,15,2023-09-28,0,2023-09-20 14:37:43,CE,OPT-CNXBAN-28-Sep-2023-45500-CE,59232,0,0,45500.0,0,0,59233,OPT-CNXBAN-28-Sep-2023-45500-PE,PE,2023-09-20 14:37:43
CNXBAN,NIFTY BANK,NIFTY BANK,NIFTY BANK,15,2023-09-28,0,2023-09-20 14:37:43,CE,OPT-CNXBAN-28-Sep-2023-45600-CE,59238,0,0,45600.0,0,0,59239,OPT-CNXBAN-28-Sep-2023-45600-PE,PE,2023-09-20 14:37:43
CNXBAN,NIFTY BANK,NIFTY BANK,NIFTY BANK,15,2023-09-28,0,2023-09-20 14:37:43,CE,OPT-CNXBAN-28-Sep-2023-45700-CE,59240,0,0,45700.0,0,0,59241,OPT-CNXBAN-28-Sep-2023-45700-PE,PE,2023-09-20 14:37:43
CNXBAN,NIFTY BANK,NIFTY BANK,NIFTY BANK,15,2023-09-28,0,2023-09-20 14:37:43,CE,OPT-CNXBAN-28-Sep-2023-45800-CE,59242,0,0,45800.0,0,0,59243,OPT-CNXBAN-28-Sep-2023-45800-PE,PE,2023-09-20 14:37:43
CNXBAN,NIFTY BANK,NIFTY BANK,NIFTY BANK,15,2023-09-28,0,2023-09-20 14:37:43,CE,OPT-CNXBAN-28-Sep-2023-45900-CE,59278,0,0,45900.0,0,0,59279,OPT-CNXBAN-28-Sep-2023-45900-PE,PE,2023-09-20 14:37:43
CNXBAN,NIFTY BANK,NIFTY BANK,NIFTY BANK,15,2023-09-28,0,2023-09-20 14:37:43,CE,OPT-CNXBAN-28-Sep-2023-46000-CE,59284,0,0,46000.0,0,0,59285,OPT-CNXBAN-28-Sep-2023-46000-PE,PE,2023-09-20 14:37:43
CNXBAN,NIFTY BANK,NIFTY BANK,NIFTY BANK,15,2023-09-28,0,2023-09-20 14:37:43,CE,OPT-CNXBAN-28-Sep-2023-46100-CE,59286,0,0,46100.0,0,0,59287,OPT-CNXBAN-28-Sep-2023-46100-PE,PE,2023-09-20 14:37:43
CNXBAN,NIFTY BANK,NIFTY BANK,NIFTY BANK,15,2023-09-28,0,2023-09-20 14:37:43,CE,OPT-CNXBAN-28-Sep-2023-46200-CE,59288,0,0,46200.0,0,0,59289,OPT-CNXBAN-28-Sep-2023-46200-PE,PE,2023-09-20 14:37:43
CNXBAN,NIFTY BANK,NIFTY BANK,NIFTY BANK,15,2023-09-28,0,2023-09-20 14:37:43,CE,OPT-CNXBAN-28-Sep-2023-46300-CE,59290,0,0,46300.0,0,0,59291,OPT-CNXBAN-28-Sep-2023-46300-PE,PE,2023-09-20 14:37:43
CNXBAN,NIFTY BANK,NIFTY BANK,NIFTY BANK,15,2023-09-28,0,2023-09-20 14:37:43,CE,OPT-CNXBAN-28-Sep-2023-46400-CE,59292,0,0,46400.0,0,0,59293,OPT-CNXBAN-28-Sep-2023-46400-PE,PE,2023-09-20 14:37:43
CNXBAN,NIFTY BANK,NIFTY BANK,NIFTY BANK,15,2023-09-28,0,2023-09-20 14:37:43,CE,OPT-CNXBAN-28-Sep-2023-46500-CE,86001,0,0,46500.0,0,0,86002,OPT-CNXBAN-28-Sep-2023-46500-PE,PE,2023-09-20 14:37:43
CNXBAN,NIFTY BANK,NIFTY BANK,NIFTY BANK,15,2023-09-28,0,2023-09-20 14:37:43,CE,OPT-CNXBAN-28-Sep-2023-46600-CE,59294,0,0,46600.0,0,0,59295,OPT-CNXBAN-28-Sep-2023-46600-PE,PE,2023-09-20 14:37:43
CNXBAN,NIFTY BANK,NIFTY BANK,NIFTY BANK,15,2023-09-28,0,2023-09-20 14:37:43,CE,OPT-CNXBAN-28-Sep-2023-46700-CE,59296,0,0,46700.0,0,0,59297,OPT-CNXBAN-28-Sep-2023-46700-PE,PE,2023-09-20 14:37:43
CNXBAN,NIFTY BANK,NIFTY BANK,NIFTY BANK,15,2023-09-28,0,2023-09-20 14:37:43,CE,OPT-CNXBAN-28-Sep-2023-46800-CE,59298,0,0,46800.0,0,0,59299,OPT-CNXBAN-28-Sep-2023-46800-PE,PE,2023-09-20 14:37:43
CNXBAN,NIFTY BANK,NIFTY BANK,NIFTY BANK,15,2023-09-28,0,2023-09-20 14:37:43,CE,OPT-CNXBAN-28-Sep-2023-46900-CE,59300,0,0,46900.0,0,0,59301,OPT-CNXBAN-28-Sep-2023-46900-PE,PE,2023-09-20 14:37:43
CNXBAN,NIFTY BANK,NIFTY BANK,NIFTY BANK,15,2023-09-28,0,2023-09-20 14:37:43,CE,OPT-CNXBAN-28-Sep-2023-47000-CE,59302,0,0,47000.0,0,0,59303,OPT-CNXBAN-28-Sep-2023-47000-PE,PE,2023-09-20 14:37:43
CNXBAN,NIFTY BANK,NIFTY BANK,NIFTY BANK,15,2023-09-28,0,2023-09-20 14:37:43,CE,OPT-CNXBAN-28-Sep-2023-47100-CE,59304,0,0,47100.0,0,0,59317,OPT-CNXBAN-28-Sep-2023-47100-PE,PE,2023-09-20 14:37:43
CNXBAN,NIFTY BANK,NIFTY BANK,NIFTY BANK,15,2023-09-28,0,2023-09-20 14:37:43,CE,OPT-CNXBAN-28-Sep-2023-47200-CE,59318,0,0,47200.0,0,0,59319,OPT-CNXBAN-28-Sep-2023-47200-PE,PE,2023-09-20 14:37:43
CNXBAN,NIFTY BANK,NIFTY BANK,NIFTY BANK,15,2023-09-28,0,2023-09-20 14:37:43,CE,OPT-CNXBAN-28-Sep-2023-47300-CE,59320,0,0,47300.0,0,0,59321,OPT-CNXBAN-28-Sep-2023-47300-PE,PE,2023-09-20 14:37:43
CNXBAN,NIFTY BANK,NIFTY BANK,NIFTY BANK,15,2023-09-28,0,2023-09-20 14:37:43,CE,OPT-CNXBAN-28-Sep-2023-47500-CE,59324,0,0,47500.0,0,0,59325,OPT-CNXBAN-28-Sep-2023-47500-PE,PE,2023-09-20 14:37:43
CNXBAN,NIFTY BANK,NIFTY BANK,NIFTY BANK,15,2023-09-28,0,2023-09-20 14:37:43,CE,OPT-CNXBAN-28-Sep-2023-47800-CE,59330,0,0,47800.0,0,0,59331,OPT-CNXBAN-28-Sep-2023-47800-PE,PE,2023-09-20 14:37:43
CNXBAN,NIFTY BANK,NIFTY BANK,NIFTY BANK,15,2023-09-28,0,2023-09-20 14:37:43,CE,OPT-CNXBAN-28-Sep-2023-48000-CE,86003,0,0,48000.0,0,0,86004,OPT-CNXBAN-28-Sep-2023-48000-PE,PE,2023-09-20 14:37:43
CNXBAN,NIFTY BANK,NIFTY BANK,NIFTY BANK,15,2023-09-28,0,2023-09-20 14:37:43,CE,OPT-CNXBAN-28-Sep-2023-48500-CE,59342,0,0,48500.0,0,0,59343,OPT-CNXBAN-28-Sep-2023-48500-PE,PE,2023-09-20 14:37:43
CNXBAN,NIFTY BANK,NIFTY BANK,NIFTY BANK,15,2023-09-28,0,2023-09-20 14:37:43,CE,OPT-CNXBAN-28-Sep-2023-49000-CE,59352,0,0,49000.0,0,0,59353,OPT-CNXBAN-28-Sep-2023-49000-PE,PE,2023-09-20 14:37:43
CNXBAN,NIFTY BANK,NIFTY BANK,NIFTY BANK,15,2023-09-28,0,2023-09-20 14:37:43,CE,OPT-CNXBAN-28-Sep-2023-49500-CE,86005,0,0,49500.0,0,0,86006,OPT-CNXBAN-28-Sep-2023-49500-PE,PE,2023-09-20 14:37:43
CNXBAN,NIFTY BANK,NIFTY BANK,NIFTY BANK,15,2023-09-28,0,2023-09-20 14:37:43,CE,OPT-CNXBAN-28-Sep-2023-50000-CE,59360,0,0,50000.0,0,0,59361,OPT-CNXBAN-28-Sep-2023-50000-PE,PE,2023-09-20 14:37:43
CNXBAN,NIFTY BANK,NIFTY BANK,NIFTY BANK,15,2023-09-28,0,2023-09-20 14:37:43,CE,OPT-CNXBAN-28-Sep-2023-50500-CE,59362,0,0,50500.0,0,0,59363,OPT-CNXBAN-28-Sep-2023-50500-PE,PE,2023-09-20 14:37:43
CNXBAN,NIFTY BANK,NIFTY BANK,NIFTY BANK,15,2023-09-28,0,2023-09-20 14:37:43,CE,OPT-CNXBAN-28-Sep-2023-51000-CE,86007,0,0,51000.0,0,0,86008,OPT-CNXBAN-28-Sep-2023-51000-PE,PE,2023-09-20 14:37:43
CNXBAN,NIFTY BANK,NIFTY BANK,NIFTY BANK,15,2023-09-28,0,2023-09-20 14:37:43,CE,OPT-CNXBAN-28-Sep-2023-52500-CE,86009,0,0,52500.0,0,0,86010,OPT-CNXBAN-28-Sep-2023-52500-PE,PE,2023-09-20 14:37:43
NIFFIN,NIFTY FINANCIAL SERVICES INDEX,NIFTY FINANCIAL,NIFTY FIN SERVICE,40,2023-09-26,0,2023-09-20 14:37:43,CE,OPT-NIFFIN-26-Sep-2023-19700-CE,57623,0,0,19700.0,0,0,57624,OPT-NIFFIN-26-Sep-2023-19700-PE,PE,2023-09-20 14:37:43
NIFFIN,NIFTY FINANCIAL SERVICES INDEX,NIFTY FINANCIAL,NIFTY FIN SERVICE,40,2023-09-26,0,2023-09-20 14:37:43,CE,OPT-NIFFIN-26-Sep-2023-19800-CE,57625,0,0,19800.0,0,0,57628,OPT-NIFFIN-26-Sep-2023-19800-PE,PE,2023-09-20 14:37:43
NIFFIN,NIFTY FINANCIAL SERVICES INDEX,NIFTY FINANCIAL,NIFTY FIN SERVICE,40,2023-09-26,0,2023-09-20 14:37:43,CE,OPT-NIFFIN-26-Sep-2023-20000-CE,57631,0,0,20000.0,0,0,57634,OPT-NIFFIN-26-Sep-2023-20000-PE,PE,2023-09-20 14:37:43
NIFFIN,NIFTY FINANCIAL SERVICES INDEX,NIFTY FINANCIAL,NIFTY FIN SERVICE,40,2023-09-26,0,2023-09-20 14:37:43,CE,OPT-NIFFIN-26-Sep-2023-20050-CE,37714,0,0,20050.0,0,0,37715,OPT-NIFFIN-26-Sep-2023-20050-PE,PE,2023-09-20 14:37:43
NIFFIN,NIFTY FINANCIAL SERVICES INDEX,NIFTY FINANCIAL,NIFTY FIN SERVICE,40,2023-09-26,0,2023-09-20 14:37:43,CE,OPT-NIFFIN-26-Sep-2023-20100-CE,57635,0,0,20100.0,0,0,57636,OPT-NIFFIN-26-Sep-2023-20100-PE,PE,2023-09-20 14:37:43
NIFFIN,NIFTY FINANCIAL SERVICES INDEX,NIFTY FINANCIAL,NIFTY FIN SERVICE,40,2023-09-26,0,2023-09-20 14:37:43,CE,OPT-NIFFIN-26-Sep-2023-20150-CE,37747,0,0,20150.0,0,0,37927,OPT-NIFFIN-26-Sep-2023-20150-PE,PE,2023-09-20 14:37:43
NIFFIN,NIFTY FINANCIAL SERVICES INDEX,NIFTY FINANCIAL,NIFTY FIN SERVICE,40,2023-09-26,0,2023-09-20 14:37:43,CE,OPT-NIFFIN-26-Sep-2023-20200-CE,57637,0,0,20200.0,0,0,57638,OPT-NIFFIN-26-Sep-2023-20200-PE,PE,2023-09-20 14:37:43
NIFFIN,NIFTY FINANCIAL SERVICES INDEX,NIFTY FINANCIAL,NIFTY FIN SERVICE,40,2023-09-26,0,2023-09-20 14:37:43,CE,OPT-NIFFIN-26-Sep-2023-20250-CE,37930,0,0,20250.0,0,0,38076,OPT-NIFFIN-26-Sep-2023-20250-PE,PE,2023-09-20 14:37:43
NIFFIN,NIFTY FINANCIAL SERVICES INDEX,NIFTY FINANCIAL,NIFTY FIN SERVICE,40,2023-09-26,0,2023-09-20 14:37:43,CE,OPT-NIFFIN-26-Sep-2023-20300-CE,57639,0,0,20300.0,0,0,57640,OPT-NIFFIN-26-Sep-2023-20300-PE,PE,2023-09-20 14:37:43
NIFFIN,NIFTY FINANCIAL SERVICES INDEX,NIFTY FINANCIAL,NIFTY FIN SERVICE,40,2023-09-26,0,2023-09-20 14:37:43,CE,OPT-NIFFIN-26-Sep-2023-20350-CE,38081,0,0,20350.0,0,0,38608,OPT-NIFFIN-26-Sep-2023-20350-PE,PE,2023-09-20 14:37:43
NIFFIN,NIFTY FINANCIAL SERVICES INDEX,NIFTY FINANCIAL,NIFTY FIN SERVICE,40,2023-09-26,0,2023-09-20 14:37:43,CE,OPT-NIFFIN-26-Sep-2023-20400-CE,57641,0,0,20400.0,0,0,57642,OPT-NIFFIN-26-Sep-2023-20400-PE,PE,2023-09-20 14:37:43
NIFFIN,NIFTY FINANCIAL SERVICES INDEX,NIFTY FINANCIAL,NIFTY FIN SERVICE,40,2023-09-26,0,2023-09-20 14:37:43,CE,OPT-NIFFIN-26-Sep-2023-20450-CE,38609,0,0,20450.0,0,0,38726,OPT-NIFFIN-26-Sep-2023-20450-PE,PE,2023-09-20 14:37:43
NIFFIN,NIFTY FINANCIAL SERVICES INDEX,NIFTY FINANCIAL,NIFTY FIN SERVICE,40,2023-09-26,0,2023-09-20 14:37:43,CE,OPT-NIFFIN-26-Sep-2023-20500-CE,57643,0,0,20500.0,0,0,57644,OPT-NIFFIN-26-Sep-2023-20500-PE,PE,2023-09-20 14:37:43
